dataset,model,eval_metrics/MSE[mean],eval_metrics/MSE[0.5],eval_metrics/MAE[0.5],eval_metrics/MASE[0.5],eval_metrics/MAPE[0.5],eval_metrics/sMAPE[0.5],eval_metrics/MSIS,eval_metrics/RMSE[mean],eval_metrics/NRMSE[mean],eval_metrics/ND[0.5],eval_metrics/mean_weighted_sum_quantile_loss,domain,num_variates
ds-0-T/Short/short,persistence,0.47681213142856205,0.47681213142856205,0.19552932252881874,0.41703308557386015,0.7362628366281562,0.40767110293526965,16.681323422954407,0.6905158444442546,1.501216306257685,0.4250906184028594,0.4250906184028594,"['Networking', 'Application Usage']",1
ds-0-T/Short/short,seasonalnaive,0.4624046325683594,0.4624046325683594,0.15687290827433267,0.3334656369573589,0.7734915415445963,0.26519365310668946,10.117446132404238,0.6800034062917327,1.4783617349975677,0.3410496222588942,0.4686905011968309,"['Networking', 'Application Usage']",1
ds-0-T/Short/short,lstm,0.4786566416422526,0.4786566416422526,0.19846165974934896,0.42169523877833665,0.9566961924235026,0.33797149658203124,16.867809508706696,0.6918501583740894,1.504117172103489,0.4314656675582473,0.4314656429238826,"['Networking', 'Application Usage']",1
ds-0-T/Short/short,tft,0.4612844467163086,0.4612844467163086,0.17742818196614582,0.37720973967121185,0.8212343215942383,0.3142134030659994,15.088389535052176,0.679179244909846,1.476569966545865,0.3857378249902519,0.3857378354851661,"['Networking', 'Application Usage']",1
ds-0-T/Short/medium,persistence,0.23008464985812044,0.23008464985812044,0.08904711477462116,0.1870774120790559,0.42223196045647765,0.15878479185226774,7.483096483162236,0.4796713977903211,1.037783513718628,0.19265611433789975,0.19265611433789975,"['Networking', 'Application Usage']",1
ds-0-T/Short/medium,seasonalnaive,0.25323346455891926,0.25323346455891926,0.11384070714314778,0.23499761330756289,0.4791341463724772,0.22781737645467123,6.594447431697229,0.5032230763378397,1.0887382794803748,0.24629779804980717,0.35052026220041144,"['Networking', 'Application Usage']",1
ds-0-T/Short/medium,lstm,0.2381977081298828,0.2381977081298828,0.19533740679423015,0.40022663911614736,0.535102907816569,0.4592100461324056,16.009065533409895,0.48805502571931664,1.0559217452036453,0.4226183618982746,0.42261841746036743,"['Networking', 'Application Usage']",1
ds-0-T/Short/medium,tft,0.28104206720987956,0.28104206720987956,0.15687026977539062,0.330501465328416,0.7186044057210287,0.2563920021057129,13.220058620238625,0.5301340087278683,1.1469608920893852,0.3393935525767114,0.33939352218463287,"['Networking', 'Application Usage']",1
ds-0-T/Short/long,persistence,0.2012724040114073,0.2012724040114073,0.09698913940956118,0.20029174963688412,0.38228182348549544,0.18476079942611623,8.011669985475365,0.44863393096310417,0.968911736638397,0.20946680358893754,0.20946680358893754,"['Networking', 'Application Usage']",1
ds-0-T/Short/long,seasonalnaive,0.32601764820240164,0.32601764820240164,0.1968537789803964,0.39732639241629436,0.6297605726453993,0.41483366224500867,7.76952618229184,0.5709795514748331,1.2331407649369066,0.425143805878145,0.4665077120642992,"['Networking', 'Application Usage']",1
ds-0-T/Short/long,lstm,0.2172562351933232,0.2172562351933232,0.19955301638002748,0.4060943811968058,0.5290827998408565,0.4805118136935764,16.243775421764326,0.466107536082955,1.0066493661700355,0.4309733310566383,0.43097330841008835,"['Networking', 'Application Usage']",1
ds-0-T/Short/long,tft,0.19699896353262442,0.19699896353262442,0.11485840126320168,0.23894766878974721,0.33380200421368633,0.25469377305772567,9.55790673684584,0.4438456528260972,0.9585705239813975,0.24805893035449192,0.24805893299162302,"['Networking', 'Application Usage']",1
ds-2-5T/Short/short,persistence,14.106230225055405,14.106230225055405,0.3571964140280093,0.4401810890501304,1.462495938170906,0.29756513451881017,17.607243562005216,3.7558261707719387,2.7298856318786835,0.259624730772148,0.259624730772148,['Database'],91
ds-2-5T/Short/short,seasonalnaive,84.15734409430088,84.15734409430088,1.2698479285606972,1.1493497145279061,2.1891500060811584,0.7177985669929029,11.978839254265672,9.173731198062264,6.667837074887903,0.9229765855048278,0.791700307062289,['Database'],91
ds-2-5T/Short/short,lstm,70.8474354279347,70.8474354279347,1.5900584909068796,2.431809921010351,6.015219172103937,1.1490611093821543,97.27239680036784,8.417091862866574,6.117881151544299,1.1557185106043524,1.1557185056060963,['Database'],91
ds-2-5T/Short/short,tft,128.8000186011905,128.8000186011905,2.2531324225904306,4.40894178882842,5.568460787259616,1.3971785884200434,176.35767121025182,11.34900958679613,8.248916962171476,1.6376673326937938,1.637667325004925,['Database'],91
ds-2-5T/Short/medium,persistence,35.079145115847304,35.079145115847304,0.9805426668791482,1.322804551575936,4.078914969010045,0.8229065230654742,52.91218206303742,5.922764989077931,5.135994341471288,0.8502889440910428,0.850288944091043,['Database'],91
ds-2-5T/Short/medium,seasonalnaive,39.16796302655678,39.16796302655678,0.9607410249255952,1.2403296049458508,3.0727789463141026,0.820599834735577,15.78776722756376,6.25843135510463,5.427071323204401,0.8331177206484728,0.7390683605397614,['Database'],91
ds-2-5T/Short/medium,lstm,30.79695798992674,30.79695798992674,1.2656206179887821,2.694952233068178,2.593879671760531,1.637039083962912,107.79808945812337,5.549500697353478,4.812313882478683,1.0974975951986485,1.0974973625369329,['Database'],91
ds-2-5T/Short/medium,tft,50.94847184065934,50.94847184065934,1.702159884386447,3.7760378681654974,6.5888006524725276,1.4376226068853022,151.04151453474836,7.137819824054074,6.189643231562796,1.4760476822243846,1.4760475927228545,['Database'],91
ds-2-5T/Short/long,persistence,28.085283238600375,28.085283238600375,0.9902818505677387,1.5063638172340252,3.7732116871689643,0.9642008134769845,60.254552689361006,5.299555003828187,4.743374117698479,0.8863531552774595,0.8863531552774596,['Database'],91
ds-2-5T/Short/long,seasonalnaive,25.969159544159545,25.969159544159545,0.9118902943121693,1.3494095410661588,3.759673254985755,0.9010834795991046,18.50724516200423,5.095994460766176,4.5611769689477795,0.8161886832189247,0.7283890533567503,['Database'],91
ds-2-5T/Short/long,lstm,28.92468711843712,28.92468711843712,1.4970134755291005,3.5471621650691096,5.31095943986569,1.566490352818478,141.8864864992243,5.378167635769373,4.813736463858602,1.339904004872329,1.3399041624748185,['Database'],91
ds-2-5T/Short/long,tft,41.220581501831504,41.220581501831504,1.5620836195054946,3.537730160615604,8.295901378713879,1.4718819953194953,141.50920642867032,6.420325653877029,5.7465214554424096,1.3981451282401558,1.398145271126932,['Database'],91
ds-4-5T/Short/short,persistence,1.023819340615828,1.023819340615828,0.14632376185380502,0.5866489253221105,0.7620959858670987,0.11290254103284215,23.465957012884417,1.0118395824516,7.087763816800944,1.024973012315622,1.024973012315622,['Application Usage'],31
ds-4-5T/Short/short,seasonalnaive,1.0978828019993279,1.0978828019993279,0.13853099371797295,1.6581243467384181,0.708506528608981,0.10240932881635181,155.5224791299527,1.0477990274853894,7.339653600322955,0.9703859997260923,2.4630020479660018,['Application Usage'],31
ds-4-5T/Short/short,lstm,0.5934146183793263,0.5934146183793263,0.29493274893811955,3.6723006967980116,5.236275231664392,1.961746347078713,146.89202786221017,0.7703340952984791,5.396059041568301,2.06595363787642,2.0659536587347374,['Application Usage'],31
ds-4-5T/Short/short,tft,0.5617413920740928,0.5617413920740928,0.13962708955170006,7.491508636907172,1.9495190985628725,1.0402517339234711,299.6603456632173,0.7494940907532845,5.250078361706469,0.9780639642224148,0.9780639486564423,['Application Usage'],31
ds-4-5T/Short/medium,persistence,1.0244790785125077,1.0244790785125077,0.18996963137763107,0.7961963878721403,1.1263757822140847,0.17733327838765822,31.84785551488562,1.012165539085632,6.8150487880825095,1.2790914688344024,1.2790914688344024,['Application Usage'],31
ds-4-5T/Short/medium,seasonalnaive,1.2064920404905914,1.2064920404905914,0.14592316330120128,1.2912784988371324,0.8724145173709636,0.10258750129076576,147.29142407960907,1.0984043155826508,7.395706246330557,0.9825205846342125,3.19812492512264,['Application Usage'],31
ds-4-5T/Short/medium,lstm,1.1975101594002016,1.1975101594002016,0.7728398805023522,10.103623114054264,17.554145639524442,1.685899435063844,404.1449247825211,1.0943080733505541,7.368125688031011,5.203636448398971,5.203636315210894,['Application Usage'],31
ds-4-5T/Short/medium,tft,0.6185819892473118,0.6185819892473118,0.1873076408140121,6.4053893698395,2.774598108455156,1.0345216156334005,256.2155744806413,0.7864998342322215,5.29561078215875,1.26116792286892,1.2611679433782284,['Application Usage'],31
ds-4-5T/Short/long,persistence,0.972837653438462,0.972837653438462,0.16912107611972985,0.632855851367198,0.7589876871288634,0.15147143412453087,25.31423405468792,0.9863253283975131,6.764927683785269,1.1599538375565466,1.1599538375565466,['Application Usage'],31
ds-4-5T/Short/long,seasonalnaive,1.1494589820415173,1.1494589820415173,0.1434916542992085,1.2208680292149456,0.8862234378492067,0.10267598141382256,165.17642637263637,1.0721282488776784,7.353425753736446,0.9841688503913599,3.7424318541307673,['Application Usage'],31
ds-4-5T/Short/long,lstm,0.5549257485812426,0.5549257485812426,0.17385991870146356,1.219272871510539,1.7364870763625044,1.9822440636200718,48.770914939409074,0.7449333853313614,5.10928832091494,1.1924562243931043,1.1924562495477187,['Application Usage'],31
ds-4-5T/Short/long,tft,0.5571107634221923,0.5571107634221923,0.12498802631701762,1.4589249256015606,1.2826997062673606,0.9194122423835125,58.35699702375909,0.7463985285503933,5.119337325678148,0.8572576765796114,0.8572577165040118,['Application Usage'],31
ds-6-5T/Short/short,persistence,0.6343255306112193,0.6343255306112193,0.31986523704139264,0.4302199730658702,1.4852413873187127,0.4101210554453315,17.20879892263481,0.796445560356274,0.7380707172888307,0.29642096922895195,0.29642096922895195,['Infrastructure'],23
ds-6-5T/Short/short,seasonalnaive,1.3934334132982338,1.3934334132982338,0.7343766806782156,1.0284173306332107,3.062102298460145,0.8641634291496829,10.395339844562297,1.180437805773025,1.0939185568841832,0.6805511267159283,0.5797179249290831,['Infrastructure'],23
ds-6-5T/Short/short,lstm,2.584629932348279,2.584629932348279,1.2782549429630887,1.9176545361171955,3.3857068048007246,1.4405115984488224,76.70618144698449,1.607678429396961,1.4898449192484704,1.1845662649041953,1.1845662761215001,['Infrastructure'],23
ds-6-5T/Short/short,tft,3.9385459125905795,3.9385459125905795,1.6004125622735508,2.5478360971878735,5.790918676403986,1.5095497905344204,101.9134438985818,1.984577011000223,1.839119019470242,1.4831115980694285,1.483111637425272,['Infrastructure'],23
ds-6-5T/Short/medium,persistence,1.4866046156257804,1.4866046156257804,0.7298509650658194,1.0579305587845007,3.252589062758607,0.8598575265154531,42.31722235138002,1.219263964704026,1.185730791901158,0.7097780200429317,0.7097780200429317,['Infrastructure'],23
ds-6-5T/Short/medium,seasonalnaive,1.5472049436707427,1.5472049436707427,0.7758956245754076,1.0944455666056685,3.703685108129529,0.8958193571671196,10.779749373300298,1.243866931657379,1.2096571083783278,0.754556322497213,0.6535016534003915,['Infrastructure'],23
ds-6-5T/Short/medium,lstm,1.7365505052649457,1.7365505052649457,1.0330959154211956,1.6502717876069308,1.926482181272645,1.5246516573256341,66.01087150618866,1.3177824195461654,1.2815397133968454,1.0046828852188592,1.004682817463324,['Infrastructure'],23
ds-6-5T/Short/medium,tft,3.013608186141304,3.013608186141304,1.294644386180933,2.135033360634245,3.730054064764493,1.4014809428781703,85.4013344219604,1.735974707805763,1.6882305428476936,1.2590380407325077,1.2590380655268854,['Infrastructure'],23
ds-6-5T/Short/long,persistence,2.0420592223598626,2.0420592223598626,0.9039268182718336,1.2987922341669864,12.261188109375972,0.9246658410971937,51.95168936667947,1.429006375898954,1.3741012317461954,0.8691962298729271,0.8691962298729272,['Infrastructure'],23
ds-6-5T/Short/long,seasonalnaive,1.8706065695450886,1.8706065695450886,0.890816852858293,1.243421025036618,13.53419635668277,0.9517964189563205,11.605997792837432,1.3677011989265377,1.3151515163278702,0.856589974276927,0.7309982743915141,['Infrastructure'],23
ds-6-5T/Short/long,lstm,1.7942928492351047,1.7942928492351047,1.0361726770078503,1.7065096696546584,1.1794987136423107,1.8837065028683575,68.26038678899302,1.3395121683788858,1.2880455619734728,0.9963609510717242,0.9963609325447664,['Infrastructure'],23
ds-6-5T/Short/long,tft,3.5610167572463767,3.5610167572463767,1.4833083295591787,2.5786980598519693,6.327204735305958,1.5702920566626408,103.14792242070848,1.8870656473070502,1.8145609943268044,1.426316801018096,1.4263167913591681,['Infrastructure'],23
ds-1-T/Short/short,persistence,0.001333996957600992,0.001333996957600992,0.0024478804657147046,0.004158208134603713,0.004096768156038367,0.003816825919472185,0.1663283253841485,0.0365239230861225,0.11590661750438055,0.0077682111028166785,0.0077682111028166785,['Infrastructure'],35
ds-1-T/Short/short,seasonalnaive,0.4323038736979167,0.4323038736979167,0.05575843084426153,0.3168724655000823,0.5852720811631944,0.07037613974677191,26.492906409758017,0.657498192923689,2.0865335680761885,0.1769462470192817,0.3249647375032779,['Infrastructure'],35
ds-1-T/Short/short,lstm,0.007617746534801665,0.007617746534801665,0.0492924554007394,1.1042698304511225,1.3015623304578994,0.9328692772274926,44.170793217604306,0.08727970287988877,0.27697723253171025,0.15642683729547258,0.15642682908067834,['Infrastructure'],35
ds-1-T/Short/short,tft,0.4383030773344494,0.4383030773344494,0.48173549107142855,245.82040010386532,6.861130913628473,1.560845714750744,9832.815995098574,0.6620446188395835,2.1009613952404016,1.5287605104807698,1.5287604663720318,['Infrastructure'],35
ds-1-T/Short/medium,persistence,0.021997031819477778,0.021997031819477778,0.01976190654244939,0.03863264238025477,0.04288780050304883,0.0397518286755595,1.5453056952101907,0.1483139636699046,0.4662551519613204,0.06212557813168908,0.06212557813168908,['Infrastructure'],35
ds-1-T/Short/medium,seasonalnaive,0.4350918724423363,0.4350918724423363,0.0756842767624628,0.3233300497520268,0.5046521335177951,0.10434149199165857,46.798871365582485,0.6596149425553793,2.0736339159650066,0.23792893865006515,0.5538315183415033,['Infrastructure'],35
ds-1-T/Short/medium,lstm,1.0620783342633928,1.0620783342633928,0.9149444870721726,20.861682692069905,26.31115234375,1.3470569428943453,834.4673059216018,1.0305718481810926,3.2398125017424615,2.876314342225162,2.876314274404715,['Infrastructure'],35
ds-1-T/Short/medium,tft,0.511142578125,0.511142578125,0.5070454915364583,209.40960350038338,6.135257703993055,1.6343874395461309,8376.384138211124,0.7149423600018395,2.247566921265446,1.5940007728052237,1.5940007593284018,['Infrastructure'],35
ds-1-T/Short/long,persistence,0.20482375802490582,0.20482375802490582,0.03959850704324525,0.18650877785087577,0.06887667645672028,0.06901254434916937,7.460351114035033,0.45257458835522996,1.3907725055048943,0.12168715670699672,0.12168715670699672,['Infrastructure'],35
ds-1-T/Short/long,seasonalnaive,0.7782297350363757,0.7782297350363757,0.09165500217013889,0.6345049649940108,0.6834112774884259,0.11101409538255624,46.84128234187009,0.8821733021557475,2.710939600448066,0.28165800796170026,0.46715462767571847,['Infrastructure'],35
ds-1-T/Short/long,lstm,1.8932707093253969,1.8932707093253969,1.1927280712632276,22.25523020785096,27.7636149691358,1.6654070560515872,890.2092072423528,1.3759617397752733,4.228363247836816,3.665281813734449,3.665281929479441,['Infrastructure'],35
ds-1-T/Short/long,tft,0.539794353505291,0.539794353505291,0.41841368014219577,177.2802617500505,6.800504436728395,1.2798363095238094,7091.210472076107,0.7347069847941362,2.2577720896076,1.2857952197089157,1.2857952421676577,['Infrastructure'],35
ds-5-T/Short/short,persistence,1.1299635224029236,1.1299635224029236,0.4911289621966513,0.825169912838821,3.2897100823582117,0.7861568912542505,33.00679651355284,1.062997423516597,2.320222499880083,1.071995513085675,1.071995513085675,"['Networking', 'Application Usage']",19
ds-5-T/Short/short,seasonalnaive,1.5866984049479167,1.5866984049479167,0.6143170273094847,0.9614215659384545,3.972647683662281,0.8594840601870888,10.772258991058408,1.2596421733762,2.7494423295934496,1.3408801915131443,1.1991951431072514,"['Networking', 'Application Usage']",19
ds-5-T/Short/short,lstm,0.6680346037212171,0.6680346037212171,0.5063859370716831,1.478296421882279,2.8436756870202853,1.805077910841557,59.131856891218,0.8173338386003709,1.7840084277535668,1.1052971708338617,1.1052971363901536,"['Networking', 'Application Usage']",19
ds-5-T/Short/short,tft,0.9045232404742325,0.9045232404742325,0.5652875933730811,1.6504467035929142,4.206878769188597,1.381678959361294,66.0178681377097,0.9510642672681129,2.0759041018625632,1.2338628147453903,1.2338627484831906,"['Networking', 'Application Usage']",19
ds-5-T/Short/medium,persistence,1.0029185964521836,1.0029185964521836,0.4995250108774034,0.7543350137159324,2.8016586934175427,0.860342790475227,30.173400548637296,1.001458235001432,2.3049607945111177,1.1497090200157054,1.1497090200157052,"['Networking', 'Application Usage']",19
ds-5-T/Short/medium,seasonalnaive,1.359711121676261,1.359711121676261,0.5591516327439693,0.8668691590404844,3.7032534950657894,0.8685303805167215,11.837910195239225,1.1660665168318063,2.683823959054676,1.2869459220732107,1.2118962859765505,"['Networking', 'Application Usage']",19
ds-5-T/Short/medium,lstm,0.6124031468441612,0.6124031468441612,0.5020766408819901,1.542942793546609,3.347973418654057,1.7718297054893093,61.717711454440305,0.7825619124670975,1.8011480304135912,1.1555818631529553,1.1555818294684113,"['Networking', 'Application Usage']",19
ds-5-T/Short/medium,tft,1.0809976142749451,1.0809976142749451,0.678661038582785,3.7979250604474535,10.272508908991227,1.37421875,151.91700239813062,1.0397103511435024,2.3930020377032832,1.5620093100470431,1.5620093716262033,"['Networking', 'Application Usage']",19
ds-5-T/Short/long,persistence,1.0289133310330036,1.0289133310330036,0.5178140631712916,0.7725431031478608,3.129034669187517,0.8523598773330199,30.90172412591443,1.0143536518557044,2.147749952543417,1.0963978170412905,1.0963978170412905,"['Networking', 'Application Usage']",19
ds-5-T/Short/long,seasonalnaive,1.5625938489887914,1.5625938489887914,0.5907601577729045,0.9347716752611782,3.535683174951267,0.8698698107029728,13.894836769805611,1.250037539031845,2.6467771474194417,1.2508508235762623,1.1721918473966142,"['Networking', 'Application Usage']",19
ds-5-T/Short/long,lstm,0.8950032552083333,0.8950032552083333,0.5018564205653021,2.082131977617207,5.279889665570176,1.19684834917154,83.28527931884437,0.9460461168507238,2.003118437886856,1.0626097727166923,1.0626097374060275,"['Networking', 'Application Usage']",19
ds-5-T/Short/long,tft,1.003684762579191,1.003684762579191,0.5793530321028265,1.7737095501425546,3.4536880939327483,1.6434229562621832,70.94838199907917,1.0018406872248655,2.1212555251384426,1.2266978532865158,1.226697969939222,"['Networking', 'Application Usage']",19
ds-3-10S/Short/short,persistence,0.6006993988274631,0.6006993988274631,0.26112238786720154,0.4778059284807691,1.1437161701827976,0.2917411753114651,19.11223713923076,0.7750479977572119,0.35990872757565345,0.12125729842636224,0.12125729842636224,['Infrastructure'],33
ds-3-10S/Short/short,seasonalnaive,11.10313262014678,11.10313262014678,0.8617056798453283,1.5542022541256573,2.10083678582702,0.5586481514362374,22.704137790744966,3.332136344771441,1.5473428167360477,0.40014992061820304,0.42741098149887624,['Infrastructure'],33
ds-3-10S/Short/short,lstm,16.745398935645518,16.745398935645518,1.7806349382496844,3.9747657284466484,1.7570428651751895,1.054379734848485,158.990629104839,4.092114237853767,1.9002534458537153,0.8268727314394676,0.826872713250234,['Infrastructure'],33
ds-3-10S/Short/short,tft,37.333946002998736,37.333946002998736,3.0108413973721593,9.892004201071195,4.890968769728535,1.105715701941288,395.6801678399297,6.11015106220777,2.8373683958385056,1.3981432109960354,1.3981432186601224,['Infrastructure'],33
ds-3-10S/Short/medium,persistence,5.048523808667286,5.048523808667286,0.6036049699317544,1.1763442397532562,2.750104447187452,0.5561270445660119,47.05376959013025,2.2468920331576427,1.2560196764590137,0.3374170667102737,0.3374170667102737,['Infrastructure'],33
ds-3-10S/Short/medium,seasonalnaive,14.027685185185184,14.027685185185184,1.043894938973064,2.09895302129067,4.217485269360269,0.7113563368055555,39.84768249884372,3.745355148071433,2.093665245985912,0.583540536953855,0.5849956646726461,['Infrastructure'],33
ds-3-10S/Short/medium,lstm,16.627710437710437,16.627710437710437,1.6937097537878787,4.669911391832141,1.238599537037037,1.602310606060606,186.79645568822238,4.077708969226523,2.2794520718577744,0.9467890515319981,0.9467890425309454,['Infrastructure'],33
ds-3-10S/Short/medium,tft,26.56241792929293,26.56241792929293,2.1806051399410773,7.0186695623158295,7.322068076599327,1.0807656644570707,280.7467824210442,5.153874069987831,2.881031730215958,1.2189650957570035,1.218965080130994,['Infrastructure'],33
ds-3-10S/Short/long,persistence,7.653038848265712,7.653038848265712,0.7606722825534247,1.609369965391628,2.1492103945801024,0.6233033306766225,64.37479861566514,2.7664126315981337,1.5464333164281743,0.42521818588737653,0.42521818588737653,['Infrastructure'],33
ds-3-10S/Short/long,seasonalnaive,9.254693813131313,9.254693813131313,0.9635531749789562,2.0815430153555905,3.0544276094276093,0.7217102009680134,37.2381067294336,3.0421528254069212,1.7005729474845634,0.5386292395132691,0.5372664257159491,['Infrastructure'],33
ds-3-10S/Short/long,lstm,16.81161405723906,16.81161405723906,1.7105212279040405,4.652930992450351,1.2271014835858587,1.647321522516835,186.11723973360594,4.100196831523952,2.2920228572405406,0.9561867181615361,0.9561865993832767,['Infrastructure'],33
ds-3-10S/Short/long,tft,25.021045875420874,25.021045875420874,2.237680187289562,7.336584177933351,8.125993265993266,1.167092934553872,293.4633671509498,5.002104144799554,2.79619186718823,1.2508702257973563,1.250870130263679,['Infrastructure'],33
ds-7-10S/Short/short,persistence,398.7979153915294,398.7979153915294,2.2919685134594294,7.7938362497205365,0.6873803797236319,0.23595424708729928,311.7534499888214,19.969925272557465,0.7943900269111493,0.09117294653017856,0.09117294653017856,['Infrastructure'],88
ds-7-10S/Short/short,seasonalnaive,4615.081287878788,4615.081287878788,18.43398407907197,20.911308828858672,1.7494423606178977,0.7026628251509233,554.313764724147,67.93438958199881,2.7023837511498754,0.7332913322803993,0.6436364016302839,['Infrastructure'],88
ds-7-10S/Short/short,lstm,4807.880833333334,4807.880833333334,20.39287168560606,21.2188968506353,2.475248561049953,0.8528800270774147,848.7558732786079,69.3388839925574,2.7582535822770557,0.8112145471763982,0.8112145357154424,['Infrastructure'],88
ds-7-10S/Short/short,tft,11144.55393939394,11144.55393939394,42.021554214015154,90.98701197113155,24.20451153379498,1.4759945771188447,3639.4804777672275,105.56776941564097,4.199413970881684,1.6715888080358745,1.6715887561483564,['Infrastructure'],88
ds-7-10S/Short/medium,persistence,1960.0949919939237,1960.0949919939237,9.110409120748866,39.214889984170256,1.3040333627139815,0.5192429349202575,1568.5955993668103,44.27296005457421,2.567854938139476,0.5284085143696833,0.5284085143696833,['Infrastructure'],88
ds-7-10S/Short/medium,seasonalnaive,3665.0581818181818,3665.0581818181818,14.779794823232324,43.95938583415941,1.7518854561237374,0.720173463147096,1544.4015719150914,60.53972399852994,3.5113357912278205,0.8572358630356409,0.7722183001670335,['Infrastructure'],88
ds-7-10S/Short/medium,lstm,4188.393131313132,4188.393131313132,16.689955808080807,49.60156381653951,1.9176815025252525,1.6980766650883838,1984.062551171408,64.71779609437525,3.7536661673760188,0.9680262034948796,0.9680262101278312,['Infrastructure'],88
ds-7-10S/Short/medium,tft,7583.004444444445,7583.004444444445,31.16124053030303,114.84960890926747,56.552140151515154,1.4628364701704546,4593.984355303601,87.08044811807324,5.050711731037504,1.8073683186228098,1.8073683772456834,['Infrastructure'],88
ds-7-10S/Short/long,persistence,3593.3978504453517,3593.3978504453517,14.937582429582056,83.92223701147078,1.633817537023063,0.7510126395886829,3356.889480458831,59.94495683913161,3.476838983573181,0.8663876270840108,0.8663876270840108,['Infrastructure'],88
ds-7-10S/Short/long,seasonalnaive,4617.732929292929,4617.732929292929,16.903181818181817,96.096832305435,1.752287326388889,0.8080889461016414,3678.9739638005003,67.9539029732136,3.9413620661577773,0.9803934240805987,0.965610087965235,['Infrastructure'],88
ds-7-10S/Short/long,lstm,4568.888484848485,4568.888484848485,17.24623421717172,99.70626865477482,1.2601649305555556,1.8546040482954544,3988.250753065631,67.5935535746456,3.9204616117624123,1.0002906434149494,1.0002907674700223,['Infrastructure'],88
ds-7-10S/Short/long,tft,7610.142222222222,7610.142222222222,30.749690656565658,181.44979727828746,57.37918560606061,1.4812643031881314,7257.991889657938,87.23612911072007,5.059741310384578,1.7834982097738759,1.7834979713601473,['Infrastructure'],88
ds-12-10S/Short/short,persistence,0.0,0.0,0.0,0.0,0.0,0.0,0.0,0.0,0.0,0.0,0.0,['Infrastructure'],1
ds-12-10S/Short/short,seasonalnaive,0.0,0.0,0.0,0.0,0.0,0.0,0.0,0.0,0.0,0.0,0.0,['Infrastructure'],1
ds-12-10S/Short/short,lstm,0.0006781743963559469,0.0006781743963559469,0.026030290921529135,0.2952839165075052,0.5660868326822917,0.7899536641438802,11.811356710888104,0.026041781743113255,0.5663366737684283,0.5660867802035788,0.5660867762203534,['Infrastructure'],1
ds-12-10S/Short/short,tft,1.9740145944524557e-07,1.9740145944524557e-07,0.0003978306303421656,0.004515897224505541,0.008651715914408366,0.008605380058288575,0.18063588898022165,0.00044429884024746853,0.009662270033096458,0.008651715083617941,0.008651715353667117,['Infrastructure'],1
ds-12-10S/Short/medium,persistence,0.0,0.0,0.0,0.0,0.0,0.0,0.0,0.0,0.0,0.0,0.0,['Infrastructure'],1
ds-12-10S/Short/medium,seasonalnaive,0.0,0.0,0.0,0.0,0.0,0.0,0.0,0.0,0.0,0.0,0.0,['Infrastructure'],1
ds-12-10S/Short/medium,lstm,1.8543720160590278,1.8543720160590278,1.359643825954861,14.854092560902803,29.568498263888888,2.0,594.1636999881243,1.3617532875154104,29.614371730460615,29.568496769571624,29.56849719156857,['Infrastructure'],1
ds-12-10S/Short/medium,tft,3.2986032844443493e-08,3.2986032844443493e-08,0.00018011083205540974,0.0019687907325540628,0.003916912608676487,0.0039247284995185,0.0787516293021625,0.00018162057384680705,0.003949745697043563,0.003916912984218594,0.003916912849193974,['Infrastructure'],1
ds-12-10S/Short/long,persistence,0.0,0.0,0.0,0.0,0.0,0.0,0.0,0.0,0.0,0.0,0.0,['Infrastructure'],1
ds-12-10S/Short/long,seasonalnaive,0.0,0.0,0.0,0.0,0.0,0.0,0.0,0.0,0.0,0.0,0.0,['Infrastructure'],1
ds-12-10S/Short/long,lstm,1.753327907986111,1.753327907986111,1.323493381076389,14.314375290080685,28.78232638888889,1.8699180772569444,572.5750161433251,1.3241328890961477,28.796232003059025,28.7823244704719,28.782324927755276,['Infrastructure'],1
ds-12-10S/Short/long,tft,4.445351401550902e-09,4.445351401550902e-09,4.5827474031183454e-05,0.0004958710688180395,0.0009966209199693467,0.0009976780414581298,0.01983484275272158,6.667346849797828e-05,0.0014499637333432469,0.000996620947325702,0.000996620947325702,['Infrastructure'],1
ds-1676-30T/Short/short,persistence,0.6400215778625601,0.6400215778625601,0.35594063704543955,0.6842331654342373,5.521549377153388,0.6613782587155566,27.36932661736949,0.8000134860504291,1.0785122978255703,0.4798498538375589,0.47984985383755885,['Database'],100
ds-1676-30T/Short/short,seasonalnaive,1.1592770182291667,1.1592770182291667,0.5096583150227865,0.9637396823864955,7.8761590983072916,0.8122259114583333,11.320676460066323,1.0766972732524063,1.4515145937987102,0.6870793680676591,0.596467038247832,['Database'],100
ds-1676-30T/Short/short,lstm,1.2744156494140626,1.2744156494140626,0.7270091145833333,3.229591441164409,1.4355617472330728,1.8356515299479166,129.18365765191422,1.128900194620438,1.5218902732835613,0.9800938163934638,0.980093815006502,['Database'],100
ds-1676-30T/Short/short,tft,2.3482298990885417,2.3482298990885417,1.0604516398111978,4.802304219666362,24.7866396484375,1.4899086507161459,192.09216884201686,1.5323935196575786,2.0658467449319096,1.4296135686812348,1.4296135572048496,['Database'],100
ds-1676-30T/Short/medium,persistence,1.7189588919695313,1.7189588919695313,0.6320559961255121,1.43841134436481,5.684185600199218,0.9289328295171351,57.5364537745924,1.3110907260634297,1.813502018729131,0.8742604932955754,0.8742604932955754,['Database'],100
ds-1676-30T/Short/medium,seasonalnaive,1.6919321831597223,1.6919321831597223,0.698580078125,1.515422273432928,7.068802517361111,0.9927931857638889,26.567281110780215,1.3007429350796884,1.7991889437714992,0.966276670820072,0.9074856611693823,['Database'],100
ds-1676-30T/Short/medium,lstm,1.1923556857638888,1.1923556857638888,0.7323196614583334,3.2948000224472693,3.5049893663194442,1.7623470052083334,131.79200088306752,1.091950404443301,1.5103869041586175,1.0129452966212733,1.0129452488984712,['Database'],100
ds-1676-30T/Short/medium,tft,1.846720486111111,1.846720486111111,0.9608196614583333,4.020471682998278,19.816145833333334,1.5318084852430556,160.81886729376794,1.3589409428342025,1.8796884869768098,1.3290067277960667,1.329006820619827,['Database'],100
ds-1676-30T/Short/long,persistence,1.0473386782523124,1.0473386782523124,0.5514174436209065,1.2114135064468428,8.784566921504917,0.8939427689941993,48.4565402578737,1.023395660657359,1.4155619131966652,0.7627211658887072,0.7627211658887072,['Database'],100
ds-1676-30T/Short/long,seasonalnaive,1.3088480902777777,1.3088480902777777,0.6292823350694444,1.3117762699322946,7.193529947916667,0.9481714409722222,26.54978713107567,1.144048989457085,1.5824497196581284,0.8704239625166934,0.9471486633199575,['Database'],100
ds-1676-30T/Short/long,lstm,1.2029127604166667,1.2029127604166667,0.7365090060763889,3.315209467463357,3.6699296875,1.76532421875,132.608378728894,1.0967737963758373,1.5170586247595557,1.0187400023353523,1.0187399932098955,['Database'],100
ds-1676-30T/Short/long,tft,1.6368845486111112,1.6368845486111112,0.8840343424479167,4.171418530460009,19.26903125,1.4473379991319444,166.8567411884635,1.2794078898502663,1.7696782876253718,1.2227971968566997,1.2227971337018086,['Database'],100
ds-1675-30T/Short/short,persistence,0.018028525478705187,0.018028525478705187,0.07402779530578603,0.6010326126816177,0.06225776260145552,0.06348205042662954,24.041304507264712,0.13427034474784513,0.09948890166134149,0.05485160599843817,0.05485160599843817,['Database'],1
ds-1675-30T/Short/short,seasonalnaive,0.08517959912618002,0.08517959912618002,0.14147067070007324,1.157208073171592,0.11141605377197265,0.13766528765360514,23.552702842955153,0.29185544217331294,0.21625309326670264,0.10482405233765882,0.10629253830260413,['Database'],1
ds-1675-30T/Short/short,lstm,3.0744222005208335,3.0744222005208335,1.6880411783854166,13.639845998978783,1.4217056274414062,2.0,545.5938406529169,1.7534030342510627,1.299200820366564,1.2507703254361158,1.2507702957860047,['Database'],1
ds-1675-30T/Short/short,tft,0.24855647087097169,0.24855647087097169,0.275700314839681,2.23906676356863,0.4515757878621419,0.23809693654378256,89.56267065629332,0.49855438105684285,0.3694086574585282,0.20428279649238115,0.20428278241490405,['Database'],1
ds-1675-30T/Short/medium,persistence,0.4687077920733307,0.4687077920733307,0.4571555155588107,3.743690000544031,0.3308338282308115,0.4591091704737647,149.74760002176123,0.6846223718761538,0.6972801275001309,0.4656077120335462,0.46560771203354623,['Database'],1
ds-1675-30T/Short/medium,seasonalnaive,0.4750636206732856,0.4750636206732856,0.46194881863064235,3.782690889708186,0.33751207987467446,0.46500956217447914,23.581116448459902,0.6892485913466095,0.7019918796056938,0.47048963689369105,0.4182338941604397,['Database'],1
ds-1675-30T/Short/medium,lstm,0.5050252278645834,0.5050252278645834,0.5811082204182942,4.6703329324493055,1.9154574924045138,0.6785746256510417,186.81331733194259,0.7106512702194961,0.7237902654989763,0.5918521372800551,0.5918521184356976,['Database'],1
ds-1675-30T/Short/medium,tft,0.13809263441297742,0.13809263441297742,0.22620133293999567,1.8632286059322622,0.424554443359375,0.2530274920993381,74.529144293954,0.37160817323220624,0.3784787133107544,0.23038349424787982,0.23038349176059325,['Database'],1
ds-1675-30T/Short/long,persistence,0.10923795263099521,0.10923795263099521,0.14263851319232748,1.1377145077521846,0.12574090835887322,0.1691559352240009,45.50858031008738,0.3305116527915396,0.33662237295460906,0.14527570928279138,0.14527570928279138,['Database'],1
ds-1675-30T/Short/long,seasonalnaive,0.1125089963277181,0.1125089963277181,0.1617958492702908,1.2921819174418945,0.1404345088534885,0.18063091701931425,21.647037616149227,0.3354236072904203,0.3416251429486255,0.16478723898404624,0.2181918088441387,['Database'],1
ds-1675-30T/Short/long,lstm,2.2958658854166667,2.2958658854166667,1.3745591905381944,11.02009581317246,1.8768468221028647,2.0,440.80383242429184,1.515211498575914,1.5432257406683174,1.3999729588274836,1.3999729835738774,['Database'],1
ds-1675-30T/Short/long,tft,0.09001303778754341,0.09001303778754341,0.16765190760294596,1.3360248512851132,0.26237080891927084,0.25916820102267796,53.44099408683226,0.30002172885900014,0.3055687309462578,0.1707515680340187,0.17075156474574152,['Database'],1
ds-1672-30T/Short/short,persistence,0.12263773748971306,0.12263773748971306,0.106491842175213,0.7929084836619485,0.16797316515005153,0.14110207141477413,31.716339346477945,0.35019671256268675,0.30888651159875274,0.09392976136901436,0.09392976136901436,['Database'],2
ds-1672-30T/Short/short,seasonalnaive,0.4469191869099935,0.4469191869099935,0.22898244857788086,1.6566241875421284,0.33847389221191404,0.21973870595296224,53.2455819057742,0.6685201469738915,0.5896596076563311,0.20197102720060942,0.23581185769497998,['Database'],2
ds-1672-30T/Short/short,lstm,2.0552411397298176,2.0552411397298176,1.2406428019205729,8.909996319852997,1.2415506998697916,1.8670912424723307,356.3998528318513,1.4336112233551388,1.2644983630213886,1.094293045817072,1.0942929828794599,['Database'],2
ds-1672-30T/Short/short,tft,3.8195157368977863,3.8195157368977863,1.5115681966145833,11.087273504608296,1.5673624674479167,1.1832382202148437,443.4909402159321,1.9543581393638645,1.7238164906378801,1.333259309829525,1.3332593379303406,['Database'],2
ds-1672-30T/Short/medium,persistence,2.432365570669676,2.432365570669676,1.0374754099537515,7.582211707386128,1.67215429893403,0.8060756026632188,303.28846829544517,1.5596042993880455,1.6017559504289849,1.0655154079590694,1.0655154079590696,['Database'],2
ds-1672-30T/Short/medium,seasonalnaive,2.504356214735243,2.504356214735243,1.0518595377604167,7.683094106824817,1.6850151909722222,0.8113315158420139,196.37625259203148,1.582515786567465,1.6252866696872048,1.0802882976690409,1.0333515684765144,['Database'],2
ds-1672-30T/Short/medium,lstm,1.264149390326606,1.264149390326606,0.8494916280110677,6.222447354792318,1.3841261121961805,0.8786939832899305,248.89789373124384,1.124343982207672,1.1547317896833207,0.872450961144589,0.8724509281986994,['Database'],2
ds-1672-30T/Short/medium,tft,0.295633782280816,0.295633782280816,0.28457777235243054,2.025561562355657,0.46639400058322483,0.28615926106770834,81.02246257291364,0.5437221554073514,0.5584174127665104,0.2922690969781156,0.2922690862016214,['Database'],2
ds-1672-30T/Short/long,persistence,1.630920255403826,1.630920255403826,0.7924383736991634,5.807427586930069,1.5354047781161628,0.6975002019203079,232.2971034772027,1.2770748824574956,1.3115905700710904,0.8138557202740114,0.8138557202740114,['Database'],2
ds-1672-30T/Short/long,seasonalnaive,1.590406968858507,1.590406968858507,0.783422342936198,5.735803551158662,1.5306876288519966,0.6815795050726996,111.38054848757784,1.2611133846163505,1.2951976785185053,0.8045960119431884,0.7593483740931299,['Database'],2
ds-1672-30T/Short/long,lstm,1.0737148708767361,1.0737148708767361,0.8113986545138889,6.021624003371258,1.0057854546440972,0.9261450025770399,240.8649566868819,1.0362021380390682,1.064207723140133,0.8333284433414635,0.833328554762336,['Database'],2
ds-1672-30T/Short/long,tft,0.7473475986056858,0.7473475986056858,0.6790534973144531,4.923609459901191,1.0844189961751303,0.8606288486056858,196.94437852432125,0.8644926827947624,0.8878574516062543,0.6974063744308855,0.6974063898410595,['Database'],2
ds-1683-H/Medium/short,persistence,7.0663551221423555,7.0663551221423555,1.2482771614397115,3.593319445143435,0.830533297379704,0.6248914938554851,143.73277780573738,2.6582616730003004,1.770209175714462,0.8312619135501979,0.831261913550198,['Database'],1
ds-1683-H/Medium/short,seasonalnaive,7.462211840080492,7.462211840080492,1.3144594828287761,3.791542274417725,0.8491926482229522,0.6581183924819484,74.58633726592552,2.731704932835992,1.8191170517809987,0.875334532052339,0.8735741780411878,['Database'],1
ds-1683-H/Medium/short,lstm,4.882758863044508,4.882758863044508,1.4681228868889087,4.1763880993513,0.9413728424997041,1.7262633352568655,167.05552344742864,2.2096965545170466,1.471497390975725,0.9776631969093803,0.9776631987605628,['Database'],1
ds-1683-H/Medium/short,tft,7.788078539299242,7.788078539299242,1.6828864126494436,4.7445218931748006,1.1072676687529592,1.0463600158691406,189.78087590041451,2.790712908792168,1.8584120773757,1.1206801044514414,1.1206801225873935,['Database'],1
ds-1683-H/Medium/medium,persistence,2.6102273100478905,2.6102273100478905,0.8708395288015406,2.680624188720122,0.7336858290817422,0.8866899974065483,107.22496754880488,1.6156197913023629,1.5691087047270045,0.8457694640899154,0.8457694640899153,['Database'],1
ds-1683-H/Medium/medium,seasonalnaive,2.680954996744792,2.680954996744792,0.979348882039388,2.9925395193138926,1.016624132792155,0.9652194341023763,41.01556566978129,1.637362206948967,1.5902251913140981,0.9511550081556721,1.0755665129596872,['Database'],1
ds-1683-H/Medium/medium,lstm,2.8417566935221354,2.8417566935221354,1.0451840082804362,3.19813256559154,1.0399125417073567,1.97889404296875,127.92530249433317,1.6857510769749298,1.6372210238598457,1.0150948473540746,1.0150947897367049,['Database'],1
ds-1683-H/Medium/medium,tft,2.53922119140625,2.53922119140625,0.7703486760457356,2.3838653109697363,0.48731060028076173,0.6716986338297526,95.35461223499256,1.5934933923321584,1.5476192890765417,0.748171580817227,0.7481715639028657,['Database'],1
ds-1683-H/Medium/long,persistence,3.3570034724055238,3.3570034724055238,0.9920596650491158,2.966222109033827,0.6179268844497878,0.7795601703675895,118.64888436135311,1.8322127257514407,1.5088367376636913,0.8169663093932177,0.8169663093932176,['Database'],1
ds-1683-H/Medium/long,seasonalnaive,3.371174791124132,3.371174791124132,0.9927844577365451,2.9683896307826103,0.6040014902750651,0.7988003200954861,49.494687874282114,1.8360759219389955,1.5120180998770743,0.8175631799523034,1.0320581202535952,['Database'],1
ds-1683-H/Medium/long,lstm,3.7693915473090276,3.7693915473090276,1.2504923502604166,3.7389265703813517,1.0758327907986112,1.9657419840494792,149.5570631390126,1.9414920930328374,1.5988288666918264,1.0297869738168668,1.02978702504906,['Database'],1
ds-1683-H/Medium/long,tft,4.315062798394097,4.315062798394097,1.4589389377170139,4.362173834619968,1.5223542955186633,1.8282657199435763,174.48695298480348,2.077272923424868,1.710645088840352,1.2014438259796807,1.2014437650328003,['Database'],1
ds-1678-H/Medium/short,persistence,1.486942818593754,1.486942818593754,0.5765620295742344,0.9110317544312223,3.9194033071721774,0.7933703518262899,36.44127017724889,1.219402648264204,1.5560655919393287,0.7357441261229616,0.7357441261229616,['Database'],100
ds-1678-H/Medium/short,seasonalnaive,2.071688953746449,2.071688953746449,0.7222643372506806,1.1181336630759637,5.301644767992424,0.9171663365219579,15.441818908941523,1.439336289317562,1.8367203632244535,0.9216731529003024,0.8719355923038924,['Database'],100
ds-1678-H/Medium/short,lstm,1.5486987582120029,1.5486987582120029,0.7844178263346354,1.6624463945570152,1.585752803918087,1.8035666355942235,66.49785579557285,1.2444672587947032,1.5880502510487615,1.0009865002349096,1.0009864931221493,['Database'],100
ds-1678-H/Medium/short,tft,2.5010447184244793,2.5010447184244793,1.0190629531397963,2.2437213461151733,6.217770182291667,1.39502792820786,89.74885384142816,1.5814691645506336,2.0180944786148185,1.300414428046529,1.300414489607733,['Database'],100
ds-1678-H/Medium/medium,persistence,2.069539793664115,2.069539793664115,0.8873410430055106,1.4481955038405039,8.126199122710956,1.1958206136182463,57.927820153620154,1.438589515346235,2.015799218234929,1.2433716231886873,1.2433716231886873,['Database'],100
ds-1678-H/Medium/medium,seasonalnaive,2.1103499348958334,2.1103499348958334,0.8744144694010416,1.4694410580945179,7.1709921875,1.1524510904947918,31.40881785330864,1.4527043521982832,2.0355773945585796,1.2252584806359463,1.532671344473159,['Database'],100
ds-1678-H/Medium/medium,lstm,1.3148810221354166,1.3148810221354166,0.8375945638020833,1.8756280933424412,4.952361979166667,1.5375426432291666,75.0251237451353,1.1466826161302945,1.606769614612902,1.1736652108879733,1.1736652018258358,['Database'],100
ds-1678-H/Medium/medium,tft,1.4049124348958333,1.4049124348958333,0.812406005859375,1.8363874785498304,5.280414713541667,1.4544404296875,73.45549914704384,1.185290021427597,1.6608675880696673,1.1383701702473106,1.1383702022053654,['Database'],100
ds-1678-H/Medium/long,persistence,1.8354304409267688,1.8354304409267688,0.7964678810697247,1.2761072773891475,7.084498497221287,1.0888493212992794,51.044291095565896,1.3547805877435537,1.8402792385056912,1.0818898048358225,1.0818898048358225,['Database'],100
ds-1678-H/Medium/long,seasonalnaive,1.681890842013889,1.681890842013889,0.7955814887152778,1.282702935882696,5.973012152777778,1.139109592013889,36.98409070125988,1.296877342702034,1.7616258088241412,1.0806857652578894,1.6390488395933416,['Database'],100
ds-1678-H/Medium/long,lstm,1.3635111762152778,1.3635111762152778,0.7495868598090277,1.6307255784765267,1.2057723524305555,1.8986790364583332,65.2290231366245,1.1676948129606801,1.5861494773713778,1.0182085188131922,1.0182085737543638,['Database'],100
ds-1678-H/Medium/long,tft,1.5587784288194444,1.5587784288194444,0.8236809353298611,1.6618566138694018,5.0432170138888885,1.3862599826388888,66.47426456794526,1.2485104840646892,1.6959262213135964,1.1188549187622538,1.118854950845971,['Database'],100
ds-1677-H/Medium/short,persistence,0.8589269699317622,0.8589269699317622,0.37180216486621326,0.8578044524858006,3.7298723480670444,0.5867222058179081,34.312178099432025,0.9267831299348096,1.037429389854043,0.41619067135015664,0.4161906713501566,['Database'],100
ds-1677-H/Medium/short,seasonalnaive,1.0407017147179807,1.0407017147179807,0.3885895330255682,0.896825961712743,3.2303100955847537,0.6098910476222182,16.824581430149784,1.0201478886504547,1.1419407275550806,0.43498224032060157,0.4599429277158559,['Database'],100
ds-1677-H/Medium/short,lstm,1.8802396046031604,1.8802396046031604,0.8581824424050071,2.5915003627547164,2.1740013538707386,1.516898017652107,103.66001451080552,1.3712182921049298,1.5349245256926316,0.9606386422574429,0.9606386282749249,['Database'],100
ds-1677-H/Medium/short,tft,3.359715788870147,3.359715788870147,1.2024634112733783,3.471012225130088,8.646023763020834,1.4098572424686315,138.84048904717568,1.8329527514014503,2.0517842773545656,1.3460224326341585,1.3460224411005097,['Database'],100
ds-1677-H/Medium/medium,persistence,1.138928510812469,1.138928510812469,0.6436215348737893,1.7836591340067713,3.6965303546220336,1.0792079281192186,71.34636536027088,1.067205936458596,1.2995011854318013,0.7837165433256317,0.7837165433256317,['Database'],100
ds-1677-H/Medium/medium,seasonalnaive,1.1685367024739584,1.1685367024739584,0.6437575276692709,1.7970602925133972,4.142651692708333,0.9751527506510417,29.769110909767132,1.0809887614929021,1.3162840732126873,0.7838821372310825,0.9869455785276793,['Database'],100
ds-1677-H/Medium/medium,lstm,1.51597119140625,1.51597119140625,0.8839833170572917,2.6678756220576023,2.055207845052083,1.7002955729166667,106.71502489141145,1.2312478188432456,1.4992495314040004,1.0763970937322962,1.0763970571811272,['Database'],100
ds-1677-H/Medium/medium,tft,2.1520343424479167,2.1520343424479167,1.0100670572916666,2.94290013000079,5.280094401041667,1.37652685546875,117.7160052093459,1.4669813708591928,1.7862944398190663,1.2299250720735246,1.2299251238049984,['Database'],100
ds-1677-H/Medium/long,persistence,1.0800297600508637,1.0800297600508637,0.4918220027434533,1.3232282147063645,4.3464922273068085,0.7280427574116596,52.92912858825458,1.0392448027538381,1.218912133859727,0.5768494634321356,0.5768494634321356,['Database'],100
ds-1677-H/Medium/long,seasonalnaive,1.1926870659722222,1.1926870659722222,0.5722327473958333,1.5008972671924183,4.890306423611111,0.7755027669270833,35.69725939212275,1.0921021316581256,1.2809075745818024,0.671161825726141,1.086374767937429,['Database'],100
ds-1677-H/Medium/long,lstm,1.6806662326388888,1.6806662326388888,0.8517366536458333,2.5426228791666157,2.375227864583333,1.4899704861111112,101.70491516394449,1.296405119026799,1.520530991150817,0.9989870906555772,0.9989871040441697,['Database'],100
ds-1677-H/Medium/long,tft,2.3107298177083333,2.3107298177083333,1.0547388237847222,3.203322628404374,5.046504340277778,1.3935642361111111,128.13290515027586,1.520108488795564,1.7829087784381925,1.2370848013455569,1.2370846343029267,['Database'],100
ds-1679-D/Long/short,persistence,0.2510251632241051,0.2510251632241051,0.28705148088606003,2.311710261168775,1.2751546732773829,0.6435422573977106,92.46841044675101,0.5010241144137726,0.8593507781621215,0.49234738683317186,0.49234738683317186,['Database'],54
ds-1679-D/Long/short,seasonalnaive,0.25102516456886576,0.25102516456886576,0.28705148579161843,2.311710261099718,1.2751546223958334,0.6435422544126157,34.97870959621386,0.5010241157557845,0.8593507804639249,0.492347395247129,0.7442993730186287,['Database'],54
ds-1679-D/Long/short,lstm,0.6484197169174383,0.6484197169174383,0.5868140703366127,4.27433287298691,1.4653440875771604,1.5709080825617283,170.97331536018007,0.8052451284655116,1.3811471501082562,1.0064967203630228,1.0064967197004,['Database'],54
ds-1679-D/Long/short,tft,1.0464625982590663,1.0464625982590663,0.785643928433642,5.783567981328685,5.938307773919753,1.3414365415219907,231.34271934295546,1.0229675450663458,1.7545821260837784,1.3475273980529936,1.3475273848794254,['Database'],54
ds-1671-D/Long/short,persistence,0.9873327161530709,0.9873327161530709,0.7459608723719915,7.781201547855954,0.4882366593351375,0.8265232707683191,311.2480619142381,0.9936461725146789,0.9939948275454743,0.7462226184724879,0.746222618472488,['Database'],1
ds-1671-D/Long/short,seasonalnaive,0.9873326619466146,0.9873326619466146,0.7459608713785807,7.781201485681679,0.48823664983113607,0.8265232086181641,41.84067833549868,0.9936461452381399,0.9939948002593643,0.7462226174787286,0.5749826514908611,['Database'],1
ds-1671-D/Long/short,lstm,1.3699877421061197,1.3699877421061197,0.9661156972249348,10.07766068586701,0.9319072087605794,1.754143269856771,403.10642975585336,1.1704647547474976,1.1708754526763978,0.9664546922389401,0.9664546405634555,['Database'],1
ds-1671-D/Long/short,tft,0.7861035664876302,0.7861035664876302,0.7276763280232748,7.59047325900535,0.7025676091512044,0.8702210744222005,303.618935748651,0.8866248172071602,0.8869359201042458,0.7279316583607468,0.727931643454357,['Database'],1
ds-1674-D/Long/short,persistence,3.631972506471917,3.631972506471917,1.0274369835853576,8.95905894487245,0.41327835831527654,0.6706220211517971,358.362357794898,1.9057734667247095,1.468888166562237,0.7919042076237149,0.7919042076237148,['Database'],2
ds-1674-D/Long/short,seasonalnaive,3.6319725036621096,3.6319725036621096,1.0274370193481446,8.959058806595754,0.41327838897705077,0.6706219991048177,113.97017692541289,1.9057734659875265,1.4688881659940483,0.7919042351881319,0.7453681458496093,['Database'],2
ds-1674-D/Long/short,lstm,8.23827870686849,8.23827870686849,2.3810582478841145,20.730990957664655,3.6763542175292967,2.0,829.2396370273076,2.8702401827840975,2.2122576021214,1.8352172203463717,1.8352174668947678,['Database'],2
ds-1674-D/Long/short,tft,2.8140408833821615,2.8140408833821615,1.277191162109375,11.151763528888985,2.4567029317220053,1.0458293914794923,446.0705423606499,1.6775103228839343,1.292952759388032,0.9844039793903427,0.984404007720438,['Database'],2
